title_URL,title,ridingarea,distance,descent,climb,DifficultyRating,Coordinates,Local_Popularity
https://www.trailforks.com/trails/robert-frost-pratt-corner/,Robert Frost - Pratt Corner,Pratt Corner Trails,"2,812 ft",-47 ft,6 ft,"
                     Blue rate
                ","(42.419550, -72.481370)",70
https://www.trailforks.com/trails/robert-frost-puffers-pond/,Robert Frost - Puffers Pond,Amherst,"1,407 ft",-97 ft,12 ft,"
                     Green rate
                ","(42.418960, -72.514820)",55
https://www.trailforks.com/trails/robert-frost-spaulding-brookdry-hill/,Robert Frost - Spaulding Brook-Dry Hill,Montague,4 miles,"-1,103 ft",374 ft,"
                     Blue rate
                ","(42.550290, -72.465810)",5
https://www.trailforks.com/trails/robert-frost-stoddard-hill/,Robert Frost - Stoddard Hill,Leverett,1 mile,-497 ft,543 ft,"
                     Blue rate
                ","(42.513960, -72.506620)",5
https://www.trailforks.com/trails/robert-frost-upper-mill-river/,Robert Frost - Upper Mill River,Amherst,974 ft,-25 ft,94 ft,"
                     Blue rate
                ","(42.418150, -72.507930)",5
https://www.trailforks.com/trails/robert-frost-wildflower/,Robert Frost - Wildflower,Amherst,738 ft,,21 ft,"
                     Green rate
                ","(42.348090, -72.484810)",5
https://www.trailforks.com/trails/robert-frost-woodlot-rd/,Robert Frost - Woodlot Rd,Amherst,325 ft,,15 ft,"
                     Green rate
                ","(42.347930, -72.485950)",5
https://www.trailforks.com/trails/robert-frost-trail-orange/,Robert Frost Trail (orange),Holyoke Range State Park,1 mile,-123 ft,6 ft,"
                     Green rate
                ","(42.307340, -72.503580)",95
https://www.trailforks.com/trails/robert-pape-connector/,Robert Pape Connector,Wompatuck State Park,932 ft,-19 ft,,"
                     Green rate
                ","(42.228660, -70.822600)",10
https://www.trailforks.com/trails/robin-s-nest-trail/,Robin's Nest Trail,Shawme-Crowell State Forest,"1,356 ft",-24 ft,27 ft,"
                     Green rate
                ","(41.761380, -70.528110)",75
https://www.trailforks.com/trails/robinson-east/,Robinson East,Robinson State Park,"4,229 ft",-106 ft,88 ft,"
                     Green rate
                ","(42.090740, -72.641710)",40
https://www.trailforks.com/trails/robinson-field/,Robinson Field,Jeanne Johnson Preserve,"1,158 ft",-5 ft,18 ft,"
                     Green rate
                ","(42.197780, -71.661000)",5
https://www.trailforks.com/trails/robinson-field-2/,Robinson Field 2,Jeanne Johnson Preserve,556 ft,,16 ft,"
                     Green rate
                ","(42.197780, -71.661000)",5
https://www.trailforks.com/trails/robinson-meadow/,Robinson Meadow,Jeanne Johnson Preserve,874 ft,-13 ft,28 ft,"
                     Green rate
                ","(42.197700, -71.661140)",5
https://www.trailforks.com/trails/robinson-trail-202698/,Robinson Trail,Jeanne Johnson Preserve,"1,325 ft",,100 ft,"
                     Blue rate
                ","(42.197290, -71.656560)",5
https://www.trailforks.com/trails/robinson-west/,Robinson West,Robinson State Park,"3,007 ft",-93 ft,26 ft,"
                     Green rate
                ","(42.094400, -72.645510)",35
https://www.trailforks.com/trails/rock--river/,Rock & River,Pittsfield State Forest,10 miles,-80 ft,62 ft,"
                     Blue rate
                ","(42.524360, -73.274050)",55
https://www.trailforks.com/trails/rock--roll-284671/,Rock & Roll,Deerfield Ridge Trail Network,"2,805 ft",-59 ft,84 ft,"
                     Blue rate
                ","(42.531390, -72.586430)",70
https://www.trailforks.com/trails/rock-and-roll-177215/,Rock and Roll,Pearl Hill State Park,"4,158 ft",-277 ft,45 ft,"
                     Black Diamond rate
                ","(42.663450, -71.778820)",95
https://www.trailforks.com/trails/rock-circuit-connector-f410-to-f57/,Rock Circuit Connector (F4-10 to F5-7),Middlesex Fells Reservation,"1,791 ft",-49 ft,50 ft,"
                     Blue rate
                ","(42.445820, -71.080320)",30
https://www.trailforks.com/trails/rock-circuit-connector-f56-to-f58/,Rock Circuit Connector (F5-6 to F5-8),Middlesex Fells Reservation,993 ft,-7 ft,68 ft,"
                     Blue rate
                ","(42.441540, -71.082130)",20
https://www.trailforks.com/trails/rock-circuit-trail/,Rock Circuit Trail,Middlesex Fells Reservation,148 ft,-24 ft,32 ft,"
                     Blue rate
                ","(42.441170, -71.077390)",10
https://www.trailforks.com/trails/rock-circuit-trail-old-route/,Rock Circuit Trail (Old Route),Middlesex Fells Reservation,311 ft,,12 ft,"
                     Blue rate
                ","(42.440480, -71.084680)",10
https://www.trailforks.com/trails/rock-circuit-trail-connector-171631/,Rock Circuit Trail Connector,Middlesex Fells Reservation,298 ft,-12 ft,,"
                     Blue rate
                ","(42.441230, -71.084340)",20
https://www.trailforks.com/trails/rock-climb/,Rock Climb,Pearl Hill State Park,"2,754 ft",-66 ft,254 ft,"
                     Blue rate
                ","(42.642480, -71.775680)",65
https://www.trailforks.com/trails/rock-den-connector/,Rock Den Connector,Leominster State Forest,223 ft,-5 ft,,"
                     Blue rate
                ","(42.500390, -71.844030)",5
https://www.trailforks.com/trails/rock-gardens-168458/,Rock Gardens,Ames Nowell State Park,"2,198 ft",-22 ft,28 ft,"
                     Blue rate
                ","(42.113360, -70.985480)",55
https://www.trailforks.com/trails/rock-gardens-285668/,Rock Gardens,Perkins Woods,719 ft,,16 ft,"
                     Blue rate
                ","(42.675080, -70.965810)",90
https://www.trailforks.com/trails/rock-hill-downhill/,Rock Hill Downhill,Medford,459 ft,-3 ft,3 ft,"
                     Blue rate
                ","(42.429260, -71.122110)",75
https://www.trailforks.com/trails/rock-hill-trail/,Rock Hill Trail,Westborough Wildlife Management Area,1 mile,-139 ft,157 ft,"
                     Blue rate
                ","(42.320040, -71.599480)",5
https://www.trailforks.com/trails/rock-launch/,Rock Launch,Otis - Crane WMA,374 ft,-30 ft,,"
                     Black Diamond rate
                ","(41.644180, -70.597660)",90
https://www.trailforks.com/trails/rock-loop-202528/,Rock loop,Gummere-Marsters-Lions Club System,256 ft,-6 ft,,"
                     Green rate
                ","(42.217900, -71.700770)",75
https://www.trailforks.com/trails/rock-love/,Rock Love,Lind Farm,771 ft,-19 ft,7 ft,"
                     Blue rate
                ","(42.086800, -71.314150)",95
https://www.trailforks.com/trails/rock-meadow-loop-north/,Rock Meadow Loop (North),Rock Meadow Conservation Area (Belmont),"2,726 ft",-26 ft,23 ft,"
                     Green rate
                ","(42.399750, -71.195750)",90
https://www.trailforks.com/trails/rock-meadow-loop-south-156843/,Rock Meadow Loop (South),Rock Meadow Conservation Area (Belmont),"2,031 ft",-13 ft,26 ft,"
                     Green rate
                ","(42.401490, -71.201730)",85
https://www.trailforks.com/trails/rock-n-roller-332734/,Rock n Roller,Fort Lee /Cannon Hill,223 ft,-5 ft,,"
                     Blue rate
                ","(42.532550, -70.874430)",75
https://www.trailforks.com/trails/rock-oak-ramble/,Rock Oak Ramble,Northfield Mountain Recreation and Environmental Center,"3,310 ft",-200 ft,9 ft,"
                     Blue rate
                ","(42.604800, -72.462490)",60
https://www.trailforks.com/trails/rock-oak-ramble-213868/,Rock Oak Ramble,Northfield Mountain Recreation and Environmental Center,"1,578 ft",-159 ft,,"
                     Black Diamond rate
                ","(42.604800, -72.462490)",90
https://www.trailforks.com/trails/rock-oak-ramble-213836/,Rock Oak Ramble,Northfield Mountain Recreation and Environmental Center,912 ft,-41 ft,,"
                     Blue rate
                ","(42.600840, -72.463770)",90
https://www.trailforks.com/trails/rock-oak-ramble-213839/,Rock Oak Ramble,Northfield Mountain Recreation and Environmental Center,"2,959 ft",-86 ft,,"
                     Green rate
                ","(42.611790, -72.464650)",55
https://www.trailforks.com/trails/rock-pile-170768/,Rock Pile,Middlesex Fells Reservation,"1,560 ft",-38 ft,58 ft,"
                     Blue rate
                ","(42.441610, -71.113590)",95
https://www.trailforks.com/trails/rock-ridge-338650/,Rock Ridge,Shaw Farm,568 ft,-6 ft,3 ft,"
                     Green rate
                ","(42.135270, -71.762300)",5
https://www.trailforks.com/trails/rock-roller-168433/,Rock Roller,Ames Nowell State Park,128 ft,-6 ft,,"
                     Black Diamond rate
                ","(42.120780, -70.996650)",25
https://www.trailforks.com/trails/rock-slope/,Rock Slope,Webber Conservation Restriction,169 ft,-28 ft,,"
                     Blue rate
                ","(42.237680, -71.694830)",80
https://www.trailforks.com/trails/rock-summit/,Rock Summit,Hodges Village Dam,"3,041 ft",-7 ft,186 ft,"
                     Black Diamond rate
                ","(42.141150, -71.883090)",5
https://www.trailforks.com/trails/rock-trials/,Rock Trials,Wrentham State Forest & Conservation Lands,771 ft,-26 ft,4 ft,"
                     Blue rate
                ","(42.040080, -71.321520)",85
https://www.trailforks.com/trails/rock-wall-bypass/,Rock Wall Bypass,Adams Farm,292 ft,,,"
                     Blue rate
                ","(42.185790, -71.253480)",70
https://www.trailforks.com/trails/rock-root-drop/,"Rock, Root, Drop",Noon Hill & Shattuck Reservation,"1,319 ft",-64 ft,2 ft,"
                     Blue rate
                ","(42.160220, -71.311040)",75
https://www.trailforks.com/trails/rocknroll-86914/,Rock-N-Roll,West Woods/Dykes Pond,"1,545 ft",-26 ft,28 ft,"
                     Blue rate
                ","(42.612260, -70.729470)",95
https://www.trailforks.com/trails/rocker-dropper/,Rocker Dropper,Freetown-Fall River SF / SEMASS Bioreserve Trails,328 ft,-6 ft,,"
                     Blue rate
                ","(41.744650, -71.056770)",20
https://www.trailforks.com/trails/rockhopper/,Rockhopper,Otis - Crane WMA,669 ft,-64 ft,,,"(41.646110, -70.594710)",80
https://www.trailforks.com/trails/rockland-trail-225462/,Rockland Trail,Borderland State Park,"4,485 ft",-12 ft,,"
                     Green rate
                ","(42.061390, -71.155180)",65
https://www.trailforks.com/trails/rockodile-trail/,Rockodile Trail,Mendon Town Forest,"1,308 ft",-51 ft,12 ft,"
                     Black Diamond rate
                ","(42.067610, -71.575360)",85
https://www.trailforks.com/trails/rockpile-419025/,Rockpile,Dogtown,"1,093 ft",-3 ft,3 ft,"
                     Blue rate
                ","(42.671050, -70.656620)",5
https://www.trailforks.com/trails/rocks-n-roll/,Rocks n'Roll,South Woods,420 ft,-72 ft,,"
                     Double Black Diamond rate
                ","(42.634740, -70.634170)",90
https://www.trailforks.com/trails/rocky-brook-trail/,Rocky Brook Trail,Douglas State Forest,"2,717 ft",-3 ft,99 ft,"
                     Blue rate
                ","(42.027990, -71.793050)",65
https://www.trailforks.com/trails/rocky-doubletrack/,Rocky Doubletrack,Carolina Hills,"1,522 ft",-65 ft,,"
                     White rate
                ","(42.120760, -70.736020)",80
https://www.trailforks.com/trails/rocky-hill-1/,Rocky Hill 1,Danvers Rail Trail,459 ft,,,"
                     Green rate
                ","(42.585960, -70.936050)",100
https://www.trailforks.com/trails/rocky-hill-2/,Rocky Hill 2,Danvers Rail Trail,463 ft,-10 ft,3 ft,"
                     Green rate
                ","(42.585010, -70.935510)",100
https://www.trailforks.com/trails/rocky-hill-3/,Rocky Hill 3,Danvers Rail Trail,"1,001 ft",-26 ft,,"
                     Green rate
                ","(42.584490, -70.934990)",85
https://www.trailforks.com/trails/rocky-hill-4/,Rocky Hill 4,Danvers Rail Trail,"2,612 ft",-6 ft,42 ft,"
                     Green rate
                ","(42.580880, -70.934010)",95
https://www.trailforks.com/trails/rocky-hill-5/,Rocky Hill 5,Danvers Rail Trail,230 ft,,,"
                     Green rate
                ","(42.585190, -70.935590)",75
https://www.trailforks.com/trails/rocky-hill-approach/,Rocky Hill Approach,Rocky Hill,1 mile,-47 ft,132 ft,"
                     Blue rate
                ","(42.369220, -72.091690)",70
https://www.trailforks.com/trails/rocky-hill-pass/,Rocky Hill Pass,Russell Mill Pond & Town Forest,381 ft,-15 ft,21 ft,"
                     Blue rate
                ","(42.574560, -71.325820)",55
https://www.trailforks.com/trails/rocky-hill-reload/,Rocky Hill Reload,Rocky Hill,"3,310 ft",-31 ft,71 ft,"
                     Blue rate
                ","(42.372210, -72.085970)",95
https://www.trailforks.com/trails/rocky-hill-road-ext/,Rocky Hill Road Ext,Manchester-Essex Woods,"3,898 ft",-13 ft,58 ft,"
                     Green rate
                ","(42.611440, -70.776760)",60
https://www.trailforks.com/trails/rocky-hill-trail-267284/,Rocky Hill Trail,Sandy Pond Trails,,,,,,5
https://www.trailforks.com/trails/rocky-hill-trail-267285/,Rocky Hill Trail,Sandy Pond Trails,"1,991 ft",-2 ft,130 ft,"
                     Black Diamond rate
                ","(42.575320, -71.528160)",55
https://www.trailforks.com/trails/rocky-hill-trail-323258/,Rocky Hill Trail,Rocky Hill,2 miles,-286 ft,242 ft,,"(42.371770, -72.087220)",95
https://www.trailforks.com/trails/rocky-ledge-trail/,Rocky Ledge Trail,Ames Nowell State Park,"1,568 ft",-10 ft,42 ft,"
                     Black Diamond rate
                ","(42.117530, -70.984030)",50
https://www.trailforks.com/trails/rocky-pond-trail/,Rocky Pond Trail,Leominster State Forest,"3,470 ft",-233 ft,23 ft,"
                     Black Diamond rate
                ","(42.518760, -71.845100)",15
https://www.trailforks.com/trails/rocky-road-131845/,Rocky Road,Willow Street,"2,799 ft",-87 ft,48 ft,"
                     Blue rate
                ","(41.686390, -70.280790)",50
https://www.trailforks.com/trails/rocky-road-252721/,Rocky Road,Chicopee Memorial State Park,"1,542 ft",-22 ft,2 ft,"
                     Blue rate
                ","(42.173540, -72.564070)",30
https://www.trailforks.com/trails/rocky-southeast/,Rocky Southeast,Wrentham State Forest & Conservation Lands,758 ft,-54 ft,,"
                     Black Diamond rate
                ","(42.040560, -71.319030)",90
https://www.trailforks.com/trails/rocky-trail-327254/,Rocky Trail,Rocky Woods (Taunton),"2,651 ft",-57 ft,59 ft,"
                     Blue rate
                ","(41.893440, -71.142580)",90
https://www.trailforks.com/trails/rocky-way-145784/,Rocky Way,Shawme-Crowell State Forest,"1,207 ft",-28 ft,16 ft,"
                     Green rate
                ","(41.762550, -70.532450)",60
https://www.trailforks.com/trails/rocky-wilderness-circle/,Rocky Wilderness Circle,King Philip's Rock & Canoe River,705 ft,-11 ft,18 ft,"
                     Green rate
                ","(42.067880, -71.188630)",45
https://www.trailforks.com/trails/rocky-woods-connection/,Rocky Woods Connection,Rocky Woods,"1,217 ft",-10 ft,31 ft,"
                     Blue rate
                ","(42.221290, -71.260420)",100
https://www.trailforks.com/trails/rocky-woods-connector/,Rocky Woods Connector,Adams Farm,"4,078 ft",-40 ft,,"
                     Green rate
                ","(42.197700, -71.257830)",75
https://www.trailforks.com/trails/rodney-dangerfield/,Rodney Dangerfield,Dogtown,"1,243 ft",-84 ft,,"
                     Blue rate
                ","(42.656030, -70.633230)",50
https://www.trailforks.com/trails/roger-hohman-trail/,Roger Hohman Trail,Hassanamesit Woods,"5,084 ft",-149 ft,26 ft,"
                     Blue rate
                ","(42.181540, -71.664040)",90
https://www.trailforks.com/trails/rogue-dead-guy/,Rogue Dead Guy,Wompatuck State Park,"2,823 ft",-87 ft,74 ft,"
                     Black Diamond rate
                ","(42.223730, -70.843600)",90
https://www.trailforks.com/trails/roll-in-272067/,Roll In,Piggery/Culvert/Manchester Woods,164 ft,-3 ft,,"
                     Green rate
                ","(42.584400, -70.807510)",50
https://www.trailforks.com/trails/roll-out-383816/,Roll Out,Wrentham State Forest & Conservation Lands,59 ft,,,,,
https://www.trailforks.com/trails/roller-coaster-154003/,Roller Coaster,Robinson State Park,"3,652 ft",-70 ft,59 ft,"
                     Green rate
                ","(42.095140, -72.657360)",55
https://www.trailforks.com/trails/roller-coaster-39629/,Roller Coaster,Batchelor Street Trails,1 mile,-412 ft,186 ft,"
                    Yellow Brick Road                ","(42.296920, -72.523040)",90
https://www.trailforks.com/trails/roller-coaster-203288/,Roller Coaster,Chicopee Memorial State Park,"1,634 ft",-50 ft,6 ft,"
                     Blue rate
                ","(42.172950, -72.559910)",70
https://www.trailforks.com/trails/roller-madness/,Roller Madness,South Woods,335 ft,-16 ft,,"
                     Black Diamond rate
                ","(42.633420, -70.626740)",55
https://www.trailforks.com/trails/rollercoaster-69206/,Rollercoaster,Needham Town Forest,2 miles,-216 ft,193 ft,"
                     Black Diamond rate
                ","(42.267470, -71.247360)",85
https://www.trailforks.com/trails/rollercoaster-288169/,Rollercoaster,Freetown-Fall River SF / SEMASS Bioreserve Trails,"3,602 ft",-66 ft,16 ft,"
                     Blue rate
                ","(41.767510, -71.074420)",60
https://www.trailforks.com/trails/rollercoaster-412473/,Rollercoaster,Pratt Corner Trails,"1,903 ft",-128 ft,,"
                     Blue rate
                ","(42.417580, -72.460490)",70
https://www.trailforks.com/trails/rollercoaster-cutoff/,Rollercoaster Cutoff,Batchelor Street Trails,436 ft,-49 ft,,"
                     Blue rate
                ","(42.296430, -72.523570)",75
https://www.trailforks.com/trails/rollers/,Rollers,Ames Nowell State Park,630 ft,,3 ft,"
                     Black Diamond rate
                ","(42.114140, -70.982550)",95
https://www.trailforks.com/trails/rolling-hills/,Rolling Hills,Groton,"1,456 ft",-85 ft,72 ft,"
                     Blue rate
                ","(42.601530, -71.508760)",30
https://www.trailforks.com/trails/rolling-pin-390091/,Rolling Pin,Lind Farm,69 ft,,,,,
https://www.trailforks.com/trails/roman-candle/,Roman Candle,Kingston State Forest,"1,302 ft",-27 ft,12 ft,"
                     Blue rate
                ","(41.961850, -70.730520)",60
https://www.trailforks.com/trails/ronnoc-s-ramble/,Ronnoc's Ramble,Willowdale State Forest,"4,619 ft",-58 ft,60 ft,"
                     Blue rate
                ","(42.666170, -70.955670)",40
https://www.trailforks.com/trails/rooney-ridgeline/,Rooney Ridgeline,Stony Brook Reservation,443 ft,-6 ft,20 ft,"
                     Green rate
                ","(42.250990, -71.137670)",60
https://www.trailforks.com/trails/rooney-rock-path/,Rooney Rock Path,Stony Brook Reservation,"4,022 ft",-18 ft,25 ft,"
                     Green rate
                ","(42.247640, -71.133780)",55
https://www.trailforks.com/trails/rooster-277769/,Rooster,Abrams Rock / Village Park,423 ft,-10 ft,,,,
https://www.trailforks.com/trails/robinson-field-2/,Robinson Field 2,Jeanne Johnson Preserve,556 ft,,16 ft,"
                     Blue rate
                ","(42.194390, -71.661570)",5
https://www.trailforks.com/trails/rock-circuit-trail-old-route/,Rock Circuit Trail (Old Route),Middlesex Fells Reservation,311 ft,,12 ft,"
                     Blue rate
                ","(42.441170, -71.077390)",10
https://www.trailforks.com/trails/rock-hill-trail/,Rock Hill Trail,Westborough Wildlife Management Area,1 mile,-139 ft,157 ft,"
                     Blue rate
                ","(42.429260, -71.122110)",75
https://www.trailforks.com/trails/rock-ridge-338650/,Rock Ridge,Shaw Farm,568 ft,-6 ft,3 ft,"
                     Blue rate
                ","(42.441610, -71.113590)",95
https://www.trailforks.com/trails/roll-out-383816/,Roll Out,Wrentham State Forest & Conservation Lands,59 ft,,,"
                     Green rate
                ","(42.584400, -70.807510)",50
https://www.trailforks.com/trails/root-canal-135761/,Root Canal,Amesbury Town Forest,"1,970 ft",-43 ft,31 ft,"
                     Blue rate
                ","(42.855430, -70.956350)",95
https://www.trailforks.com/trails/root-drops/,Root Drops,Franklin State Forest,709 ft,-32 ft,,"
                     Blue rate
                ","(42.073280, -71.445540)",85
https://www.trailforks.com/trails/rootball-94435/,Rootball,Kenneth Dubuque State Forest,"3,692 ft",-91 ft,67 ft,"
                     Blue rate
                ","(42.551710, -72.903590)",65
https://www.trailforks.com/trails/rootball-101944/,Rootball,Harold Parker State Forest,"1,617 ft",-30 ft,24 ft,"
                     Blue rate
                ","(42.612680, -71.090160)",100
https://www.trailforks.com/trails/rootball-connector/,Rootball Connector,Harold Parker State Forest,129 ft,-9 ft,,"
                     Black Diamond rate
                ","(42.612190, -71.089720)",95
https://www.trailforks.com/trails/roots-37186/,Roots,Swansea,"1,457 ft",-33 ft,32 ft,"
                     Blue rate
                ","(41.755170, -71.188370)",55
https://www.trailforks.com/trails/roots-rock-skinnies/,"Roots, Rock, Skinnies",King Philip's Rock & Canoe River,"1,411 ft",-2 ft,9 ft,"
                     Blue rate
                ","(42.074940, -71.182220)",75
https://www.trailforks.com/trails/rooty-bypass/,Rooty Bypass,Borderland State Park,807 ft,,8 ft,"
                     Blue rate
                ","(42.072780, -71.151090)",95
https://www.trailforks.com/trails/rooty-detour/,Rooty Detour,Massasoit State Park,"1,701 ft",-30 ft,27 ft,"
                     Blue rate
                ","(41.861750, -70.989290)",65
https://www.trailforks.com/trails/rooty-turnaround-hill/,Rooty Turnaround Hill,F. Gilbert Hills State Forest,367 ft,,15 ft,"
                     Green rate
                ","(42.069900, -71.267190)",5
https://www.trailforks.com/trails/rope-swing-186921/,Rope Swing,Beebe Woods,"1,818 ft",-39 ft,26 ft,,,
https://www.trailforks.com/trails/rorest-connector/,Rorest Connector,Willowdale State Forest,"2,024 ft",-41 ft,37 ft,"
                     Blue rate
                ","(42.667080, -70.912810)",40
https://www.trailforks.com/trails/rose-ledge/,Rose Ledge,Northfield Mountain Recreation and Environmental Center,1 mile,-584 ft,71 ft,"
                     Blue rate
                ","(42.606880, -72.452030)",85
https://www.trailforks.com/trails/rotary-167849/,Rotary,F. Gilbert Hills State Forest,492 ft,,13 ft,"
                     Green rate
                ","(42.059870, -71.288050)",75
https://www.trailforks.com/trails/rotch-path/,Rotch Path,Blue Hills Reservation,"1,395 ft",-14 ft,21 ft,"
                     Blue rate
                ","(42.221160, -71.108490)",40
https://www.trailforks.com/trails/rotten-apple/,Rotten Apple,Pittsfield State Forest,"2,062 ft",-50 ft,12 ft,"
                     Green rate
                ","(42.491620, -73.288430)",100
https://www.trailforks.com/trails/rough-and-tumble/,Rough and Tumble,Plainville Conservation Land,"2,480 ft",-58 ft,19 ft,"
                     Blue rate
                ","(42.021060, -71.337600)",5
https://www.trailforks.com/trails/rough-perimeter/,Rough Perimeter,Lind Farm,"1,027 ft",-16 ft,6 ft,"
                     Blue rate
                ","(42.087100, -71.311470)",95
https://www.trailforks.com/trails/rough-riders/,Rough Riders,F. Gilbert Hills State Forest,"2,720 ft",-150 ft,5 ft,"
                     Black Diamond rate
                ","(42.055910, -71.288050)",45
https://www.trailforks.com/trails/rough-switchbacks-hiking-primary/,Rough Switchbacks (hiking primary),Noon Hill & Shattuck Reservation,328 ft,-49 ft,,,"(42.158710, -71.324290)",20
https://www.trailforks.com/trails/roughcut-305526/,Rough-Cut,King Philip's Rock & Canoe River,709 ft,,20 ft,"
                     Blue rate
                ","(42.066330, -71.192230)",35
https://www.trailforks.com/trails/roughing-it/,Roughing It,F. Gilbert Hills State Forest,"1,742 ft",-21 ft,35 ft,"
                     Black Diamond rate
                ","(42.052560, -71.281290)",55
https://www.trailforks.com/trails/round-pond-trail-226883/,Round Pond Trail,Gordon College,"5,059 ft",-38 ft,45 ft,"
                     Green rate
                ","(42.598580, -70.820870)",80
https://www.trailforks.com/trails/round-pond-west-trail/,Round Pond West Trail,Gordon College,"3,527 ft",-26 ft,15 ft,"
                     White rate
                ","(42.600480, -70.819300)",45
https://www.trailforks.com/trails/round-room/,Round Room,City Mills,"2,930 ft",-44 ft,97 ft,"
                     Green rate
                ","(42.100480, -71.359860)",5
https://www.trailforks.com/trails/round-the-bend-202686/,Round the Bend,Jeanne Johnson Preserve,"1,303 ft",-3 ft,3 ft,"
                     Green rate
                ","(42.194710, -71.663630)",5
https://www.trailforks.com/trails/round-the-bend-202913/,Round the Bend,Webber Conservation Restriction,631 ft,-15 ft,10 ft,"
                     Green rate
                ","(42.239960, -71.697530)",95
https://www.trailforks.com/trails/round-top-park-trail/,Round Top Park Trail,Boxford,602 ft,,,"
                     Green rate
                ","(42.678740, -70.989960)",75
https://www.trailforks.com/trails/roundabout-201029/,Round-A-Bout,Lockwood Forest,398 ft,-3 ft,6 ft,"
                     Green rate
                ","(42.642320, -70.988790)",70
https://www.trailforks.com/trails/roundabout-248184/,Round-A-Bout,Springside Park,"1,227 ft",-7 ft,6 ft,"
                     White rate
                ","(42.469550, -73.241230)",55
https://www.trailforks.com/trails/roundabout-417570/,Round-A-Bout,Discovery Hill Conservation Land,"4,252 ft",-60 ft,41 ft,"
                     Black Diamond rate
                ","(41.731160, -70.469530)",25
https://www.trailforks.com/trails/roundthemountain-415938/,Round-the-Mountain,Mount Grace State Forest,"3,563 ft",-172 ft,110 ft,"
                     Blue rate
                ","(42.684820, -72.346560)",5
https://www.trailforks.com/trails/roundthemountain/,Round-the-Mountain,Mount Grace State Forest,2 miles,-63 ft,115 ft,"
                     Blue rate
                ","(42.680610, -72.349690)",5
https://www.trailforks.com/trails/roundthemountain-415953/,Round-the-Mountain,Mount Grace State Forest,1 mile,-102 ft,479 ft,"
                     Blue rate
                ","(42.705250, -72.349460)",5
https://www.trailforks.com/trails/roundabout-145791/,Roundabout,Douglas State Forest,"2,154 ft",-62 ft,72 ft,"
                     Blue rate
                ","(42.046340, -71.779180)",100
https://www.trailforks.com/trails/roundabout-289346/,Roundabout,Otis - Crane WMA,381 ft,-19 ft,,"
                     Green rate
                ","(41.646770, -70.599990)",70
https://www.trailforks.com/trails/rounding-the-bases/,Rounding the Bases,Carr Park,"1,867 ft",,,"
                     White rate
                ","(42.434280, -71.094820)",5
https://www.trailforks.com/trails/route-1a/,Route 1A,Wrentham State Forest & Conservation Lands,699 ft,-8 ft,2 ft,"
                     Green rate
                ","(42.043370, -71.342000)",35
https://www.trailforks.com/trails/route-3-overlook/,Route 3 Overlook,Billerica State Forest,"2,044 ft",-25 ft,9 ft,"
                     Blue rate
                ","(42.578170, -71.304650)",85
https://www.trailforks.com/trails/route-6-trail-3/,Route 6 Trail 3,Harwich,1 mile,-69 ft,52 ft,"
                     Blue rate
                ","(41.713750, -70.060460)",50
https://www.trailforks.com/trails/route-6-trail-connector/,Route 6 Trail Connector,Harwich,"1,617 ft",-7 ft,8 ft,"
                     Blue rate
                ","(41.703690, -70.078740)",75
https://www.trailforks.com/trails/route-6-trail-harwich-1/,Route 6 Trail Harwich 1,Harwich,2 miles,-113 ft,94 ft,"
                     Blue rate
                ","(41.713750, -70.060460)",30
https://www.trailforks.com/trails/route-24-horse-bridge/,Route 24 Horse Bridge,Blue Hills Reservation,"1,324 ft",-24 ft,13 ft,"
                     White rate
                ","(42.192980, -71.080340)",100
https://www.trailforks.com/trails/route-28-barn-to-2175/,Route 28 Barn to 2175,Blue Hills Reservation,"1,720 ft",-24 ft,62 ft,"
                     Blue rate
                ","(42.222730, -71.070660)",25
https://www.trailforks.com/trails/route-28-gate-11/,Route 28 Gate 11,Long Pond,"1,453 ft",-9 ft,3 ft,"
                     Green rate
                ","(41.577940, -70.619900)",75
https://www.trailforks.com/trails/route-44-downhill/,Route 44 Downhill,Kingston State Forest,"3,645 ft",-62 ft,67 ft,"
                     Blue rate
                ","(41.959930, -70.753100)",55
https://www.trailforks.com/trails/route-44-trail/,Route 44 Trail,Pratt Farm,"4,491 ft",-20 ft,20 ft,"
                     Blue rate
                ","(41.911140, -70.877030)",5
https://www.trailforks.com/trails/row-s-run/,Row's Run,Willowdale State Forest,"4,031 ft",-71 ft,61 ft,"
                     Green rate
                ","(42.676130, -70.935290)",45
https://www.trailforks.com/trails/rowley-road-connector/,Rowley Road Connector,Cleaveland Farm State Forest,564 ft,-8 ft,3 ft,"
                     Green rate
                ","(42.682350, -70.969910)",80
https://www.trailforks.com/trails/roy-robinson-loop-trail/,Roy Robinson Loop Trail,Bird Street Conservation Land,1 mile,-90 ft,75 ft,"
                     Green rate
                ","(42.087540, -71.111110)",35
https://www.trailforks.com/trails/roy-robinson-to-purple-connector/,Roy Robinson to Purple Connector,Bird Street Conservation Land,"1,752 ft",-25 ft,,"
                     Green rate
                ","(42.094300, -71.108620)",85
https://www.trailforks.com/trails/royal-keith/,Royal Keith,Hassanamesit Woods,"2,316 ft",-48 ft,55 ft,"
                     Green rate
                ","(42.177120, -71.662300)",75
https://www.trailforks.com/trails/rp42/,RP42,Jeanne Johnson Preserve,963 ft,-5 ft,,"
                     Green rate
                ","(42.196780, -71.656350)",75
https://www.trailforks.com/trails/rr-to-phalange-1/,RR to Phalange 1,South Woods,95 ft,,,"
                     Green rate
                ","(42.645050, -70.617310)",50
https://www.trailforks.com/trails/rr-to-phalange-2/,RR to Phalange 2,South Woods,210 ft,-11 ft,,"
                     Blue rate
                ","(42.645230, -70.618590)",5
https://www.trailforks.com/trails/rubber-band/,Rubber Band,Hopkinton,981 ft,-10 ft,,"
                     Green rate
                ","(42.203970, -71.516720)",5
https://www.trailforks.com/trails/rubberstamp/,Rubberstamp,Vietnam Trail Network,"1,097 ft",-86 ft,4 ft,"
                     Black Diamond rate
                ","(42.167960, -71.501100)",90
https://www.trailforks.com/trails/ruby-s-singletrack/,Ruby's Singletrack,Wrentham State Forest & Conservation Lands,367 ft,-29 ft,,,,
https://www.trailforks.com/trails/rugged-oxford/,Rugged Oxford,Franklin State Forest,978 ft,,31 ft,"
                     Green rate
                ","(42.073540, -71.448290)",5
https://www.trailforks.com/trails/rum-runner-266193/,Rum Runner,South Woods,"1,952 ft",-9 ft,,"
                     Blue rate
                ","(42.645030, -70.615280)",100
https://www.trailforks.com/trails/rumble-358153/,Rumble,Plainville Conservation Land,"1,394 ft",-29 ft,43 ft,"
                     Blue rate
                ","(42.021050, -71.342060)",5
https://www.trailforks.com/trails/run-like-an-antelope/,Run Like An Antelope,City Mills,"4,865 ft",-57 ft,56 ft,"
                     Green rate
                ","(42.099480, -71.364300)",5
https://www.trailforks.com/trails/run-pisgah-run/,"Run Pisgah, Run!",Mount Pisgah,"1,431 ft",-112 ft,,"
                     Green rate
                ","(42.368550, -71.657580)",55
https://www.trailforks.com/trails/runoff-trail/,Run-off Trail,Carlstrom Memorial Forest,636 ft,-41 ft,,"
                     Blue rate
                ","(42.303590, -71.723310)",85
https://www.trailforks.com/trails/runaway-jim-377532/,Runaway Jim,City Mills,"1,056 ft",-34 ft,7 ft,"
                     Green rate
                ","(42.096380, -71.356660)",5
https://www.trailforks.com/trails/runaway-truck/,Runaway Truck,Wrentham State Forest & Conservation Lands,643 ft,-20 ft,5 ft,,,
https://www.trailforks.com/trails/running-water/,Running Water,Holden,"2,087 ft",-3 ft,58 ft,"
                     Blue rate
                ","(42.364390, -71.830430)",10
https://www.trailforks.com/trails/runout-334489/,Runout,Stony Brook Reservation,210 ft,-6 ft,,"
                     Green rate
                ","(42.256770, -71.136730)",80
https://www.trailforks.com/trails/runway-244178/,Runway,Falmouth,128 ft,,,"
                     Green rate
                ","(41.608570, -70.588140)",25
https://www.trailforks.com/trails/rusty-car/,Rusty Car,Abrams Rock / Village Park,"1,456 ft",-27 ft,22 ft,"
                     Blue rate
                ","(41.758250, -71.191370)",70
https://www.trailforks.com/trails/ruth--ed-brooks-trail/,Ruth & Ed Brooks Trail,Edgartown,"2,306 ft",-3 ft,3 ft,"
                     White rate
                ","(41.395270, -70.515080)",5
https://www.trailforks.com/trails/ruth-s-corners/,Ruth's Corners,Pittsfield State Forest,"4,366 ft",-35 ft,,"
                     Green rate
                ","(42.492020, -73.295030)",75
https://www.trailforks.com/trails/rutted-346385/,Rutted,Plainville Conservation Land,217 ft,,3 ft,"
                     Blue rate
                ","(42.025510, -71.335650)",60
https://www.trailforks.com/trails/rw1-rockwell/,RW1 Rockwell,Rockwell Woods,"2,018 ft",,96 ft,"
                     Green rate
                ","(42.244010, -71.371560)",55
https://www.trailforks.com/trails/rw2-rockwell-loop/,RW2 Rockwell Loop,Rockwell Woods,837 ft,-10 ft,18 ft,"
                     Green rate
                ","(42.243310, -71.374660)",70
https://www.trailforks.com/trails/rw3-unity-lane/,RW3 Unity Lane,Rockwell Woods,495 ft,,5 ft,"
                     Green rate
                ","(42.245230, -71.371940)",45
https://www.trailforks.com/trails/rw4-unity-farm-perimeter-trail/,RW4 Unity Farm Perimeter Trail,Rockwell Woods,"4,813 ft",-68 ft,29 ft,"
                     Blue rate
                ","(42.243890, -71.373350)",25
https://www.trailforks.com/trails/s1s2/,S1-S2,Wompatuck State Park,824 ft,-6 ft,7 ft,"
                     Blue rate
                ","(42.196220, -70.860250)",100
https://www.trailforks.com/trails/s1s4/,S1-S4,Wompatuck State Park,"1,860 ft",-114 ft,,"
                     Black Diamond rate
                ","(42.193220, -70.857730)",65
https://www.trailforks.com/trails/s2s3/,S2-S3,Wompatuck State Park,975 ft,-8 ft,37 ft,"
                     Blue rate
                ","(42.194180, -70.861200)",95
https://www.trailforks.com/trails/s10-s11-connector/,S10 - S11 Connector,Wompatuck State Park,431 ft,-22 ft,,"
                     Blue rate
                ","(42.189760, -70.853270)",75
https://www.trailforks.com/trails/s12-connector/,S12 Connector,Wompatuck State Park,858 ft,-52 ft,2 ft,"
                     Blue rate
                ","(42.191040, -70.853140)",90
https://www.trailforks.com/trails/s15s17/,S15-S17,Wompatuck State Park,"1,673 ft",-14 ft,50 ft,"
                     Green rate
                ","(42.193850, -70.844530)",80
https://www.trailforks.com/trails/s18-connector-69820/,S18 Connector,Wompatuck State Park,890 ft,-12 ft,18 ft,"
                     Green rate
                ","(42.196660, -70.846620)",85
https://www.trailforks.com/trails/s18s19/,S18-S19,Wompatuck State Park,"2,116 ft",-43 ft,,"
                     Green rate
                ","(42.197410, -70.844700)",80
https://www.trailforks.com/trails/s19e2/,S19-E2,Wompatuck State Park,851 ft,-7 ft,21 ft,"
                     Blue rate
                ","(42.197720, -70.840320)",95
https://www.trailforks.com/trails/s22-s24/,S22- S24,Wompatuck State Park,"2,567 ft",-24 ft,21 ft,"
                     Black Diamond rate
                ","(42.193800, -70.837620)",75
https://www.trailforks.com/trails/s23s16/,S23-S16,Wompatuck State Park,"1,627 ft",-29 ft,12 ft,"
                     Green rate
                ","(42.190450, -70.844170)",95
https://www.trailforks.com/trails/s23s26/,S23-S26,Wompatuck State Park,"1,931 ft",-9 ft,27 ft,"
                     Blue rate
                ","(42.190450, -70.844170)",85
https://www.trailforks.com/trails/s24s27/,S24-S27,Wompatuck State Park,"3,051 ft",-71 ft,42 ft,"
                     Black Diamond rate
                ","(42.183500, -70.841680)",75
https://www.trailforks.com/trails/s25s27/,S25-S27,Wompatuck State Park,"1,839 ft",-9 ft,8 ft,"
                     Green rate
                ","(42.183500, -70.841680)",85
https://www.trailforks.com/trails/s26-to-wildlife-area-road/,S26 to Wildlife Area Road,Wompatuck State Park,332 ft,-18 ft,,"
                     Green rate
                ","(42.187040, -70.844030)",30
https://www.trailforks.com/trails/s26s27/,S26-S27,Wompatuck State Park,"1,526 ft",-2 ft,,"
                     Green rate
                ","(42.187040, -70.844030)",90
https://www.trailforks.com/trails/s27-s28/,S27 - S28,Wompatuck State Park,"1,234 ft",-15 ft,16 ft,"
                     Green rate
                ","(42.183370, -70.842250)",100
https://www.trailforks.com/trails/s28-link/,S28 Link,Wompatuck State Park,472 ft,-4 ft,,"
                     Blue rate
                ","(42.183270, -70.846670)",55
https://www.trailforks.com/trails/s28-loop/,S28 Loop,Wompatuck State Park,109 ft,,,"
                     Blue rate
                ","(42.183460, -70.846880)",40
https://www.trailforks.com/trails/s29-connector-167339/,S29 Connector,Wompatuck State Park,382 ft,,,"
                     Green rate
                ","(42.182420, -70.848960)",70
https://www.trailforks.com/trails/s-hill/,S Hill,Salem,266 ft,,16 ft,"
                     Green rate
                ","(42.529430, -70.876930)",80
https://www.trailforks.com/trails/salt-more-fun/,"S-Alt, More Fun",Stony Brook Reservation,272 ft,-11 ft,,"
                     Blue rate
                ","(42.255600, -71.136290)",40
https://www.trailforks.com/trails/s-overlook-trail/,S. Overlook Trail,Mount Pisgah,"1,041 ft",-88 ft,45 ft,"
                     Black Diamond rate
                ","(42.352560, -71.664030)",70
https://www.trailforks.com/trails/rope-swing-186921/,Rope Swing,Beebe Woods,"1,818 ft",-39 ft,26 ft,"
                     Black Diamond rate
                ","(41.561010, -70.638090)",55
https://www.trailforks.com/trails/route-24-horse-bridge/,Route 24 Horse Bridge,Blue Hills Reservation,"1,324 ft",-24 ft,13 ft,"
                     Blue rate
                ","(41.713750, -70.060460)",30
https://www.trailforks.com/trails/rum-runner-266193/,Rum Runner,South Woods,"1,952 ft",-9 ft,,"
                     Green rate
                ","(42.073540, -71.448290)",5
https://www.trailforks.com/trails/run-pisgah-run/,"Run Pisgah, Run!",Mount Pisgah,"1,431 ft",-112 ft,,"
                     Green rate
                ","(42.099480, -71.364300)",5
https://www.trailforks.com/trails/runaway-truck/,Runaway Truck,Wrentham State Forest & Conservation Lands,643 ft,-20 ft,5 ft,"
                     Black Diamond rate
                ","(42.033970, -71.338960)",45
https://www.trailforks.com/trails/s3s34/,S3-S34,Wompatuck State Park,489 ft,-13 ft,,"
                     Blue rate
                ","(42.191850, -70.859750)",85
https://www.trailforks.com/trails/s4-s3/,S4 - S3,Wompatuck State Park,858 ft,-87 ft,,"
                     Blue rate
                ","(42.193240, -70.858010)",85
https://www.trailforks.com/trails/s4s5/,S4-S5,Wompatuck State Park,685 ft,-35 ft,45 ft,"
                     Black Diamond rate
                ","(42.191970, -70.857490)",50
https://www.trailforks.com/trails/s5-s4/,S5 - S4,Wompatuck State Park,577 ft,-5 ft,19 ft,"
                     Blue rate
                ","(42.191970, -70.857490)",100
https://www.trailforks.com/trails/s5s7/,S5-S7,Wompatuck State Park,"1,220 ft",-2 ft,20 ft,"
                     Blue rate
                ","(42.193220, -70.853740)",100
https://www.trailforks.com/trails/s6s4/,S6-S4,Wompatuck State Park,"2,247 ft",-105 ft,,"
                     Black Diamond rate
                ","(42.193030, -70.857530)",65
https://www.trailforks.com/trails/s7-s9/,S7 - S9,Wompatuck State Park,673 ft,,27 ft,"
                     Blue rate
                ","(42.193620, -70.851570)",95
https://www.trailforks.com/trails/s7-connector/,S7 Connector,Wompatuck State Park,840 ft,,32 ft,"
                     Blue rate
                ","(42.191040, -70.853140)",80
https://www.trailforks.com/trails/s8s9/,S8-S9,Wompatuck State Park,"1,522 ft",-23 ft,16 ft,"
                     Black Diamond rate
                ","(42.193620, -70.851570)",55
https://www.trailforks.com/trails/s9s13/,S9-S13,Wompatuck State Park,692 ft,-36 ft,2 ft,"
                     Blue rate
                ","(42.193620, -70.851570)",90
https://www.trailforks.com/trails/s29s32/,S29-S32,Wompatuck State Park,"4,326 ft",-23 ft,27 ft,"
                     Green rate
                ","(42.182460, -70.849810)",90
https://www.trailforks.com/trails/s31-south-field/,S31 - South Field,Wompatuck State Park,"1,415 ft",-5 ft,23 ft,"
                     Blue rate
                ","(42.186150, -70.847430)",45
https://www.trailforks.com/trails/s32s33/,S32-S33,Wompatuck State Park,300 ft,-22 ft,,"
                     Green rate
                ","(42.184830, -70.858440)",40
https://www.trailforks.com/trails/s33s34/,S33-S34,Wompatuck State Park,"1,963 ft",-19 ft,14 ft,"
                     Green rate
                ","(42.190640, -70.859020)",60
https://www.trailforks.com/trails/s34s10/,S34-S10,Wompatuck State Park,"1,619 ft",-10 ft,37 ft,"
                     Green rate
                ","(42.190640, -70.859020)",80
https://www.trailforks.com/trails/s35-to-boundary-pond-bypass-2/,S35 to Boundary Pond Bypass 2,Wompatuck State Park,490 ft,,34 ft,"
                     Blue rate
                ","(42.194810, -70.842670)",25
https://www.trailforks.com/trails/sabine-ave/,Sabine Ave,Groton Town Forest,716 ft,-14 ft,,"
                     Green rate
                ","(42.592120, -71.612340)",85
https://www.trailforks.com/trails/sabrina-rice-trail/,Sabrina Rice Trail,Pelham Lake Park,"2,756 ft",-33 ft,95 ft,"
                     Green rate
                ","(42.697080, -72.880800)",95
https://www.trailforks.com/trails/sacajawea-286767/,Sacajawea,Boxford,"2,221 ft",-133 ft,49 ft,"
                     Green rate
                ","(42.690400, -71.046760)",5
https://www.trailforks.com/trails/sachem/,Sachem,Rocky Mountain Park,498 ft,,15 ft,"
                     Proline rate
                ","(42.578240, -72.588850)",85
https://www.trailforks.com/trails/sachem-157337/,Sachem,Rocky Mountain Park,380 ft,-27 ft,12 ft,"
                     Double Black Diamond rate
                ","(42.580910, -72.589220)",60
https://www.trailforks.com/trails/sachem-157338/,Sachem,Rocky Mountain Park,645 ft,-41 ft,32 ft,"
                     Double Black Diamond rate
                ","(42.578240, -72.588850)",85
https://www.trailforks.com/trails/sachem-st-connector/,Sachem St. Connector,Pratt Farm,896 ft,,,"
                     Double Black Diamond rate
                ","(42.578240, -72.588850)",85
https://www.trailforks.com/trails/sachem-street-connector/,Sachem Street Connector,Pratt Farm,"1,857 ft",-6 ft,6 ft,"
                     Green rate
                ","(41.895280, -70.894260)",100
https://www.trailforks.com/trails/sachem-s-way/,Sachem's Way,Hassanamesit Woods,"1,377 ft",-65 ft,8 ft,"
                     Blue rate
                ","(42.177200, -71.664760)",85
https://www.trailforks.com/trails/sacred-singletrack/,Sacred singletrack,Kingston State Forest,456 ft,-23 ft,,"
                     Green rate
                ","(41.962650, -70.726820)",5
https://www.trailforks.com/trails/saddle-hill-trail/,Saddle Hill Trail,Hopkinton State Park,1 mile,-205 ft,104 ft,"
                     Blue rate
                ","(42.254480, -71.539000)",5
https://www.trailforks.com/trails/saddle-ridge-extension/,Saddle Ridge Extension,Lind Farm,371 ft,,29 ft,,,
https://www.trailforks.com/trails/saddle-trail-132966/,Saddle Trail,Douglas State Forest,"5,097 ft",-52 ft,167 ft,"
                     Blue rate
                ","(42.022910, -71.786660)",95
https://www.trailforks.com/trails/saddleback-233590/,Saddleback,Falmouth,"2,073 ft",-23 ft,15 ft,"
                     Green rate
                ","(41.629730, -70.589780)",5
https://www.trailforks.com/trails/saddleback-extension/,Saddleback Extension,Falmouth,"1,047 ft",-31 ft,,"
                     Green rate
                ","(41.632620, -70.588410)",15
https://www.trailforks.com/trails/saddleback-path/,Saddleback Path,Middlesex Fells Reservation,"1,445 ft",-52 ft,47 ft,"
                     Blue rate
                ","(42.459330, -71.088650)",40
https://www.trailforks.com/trails/sagelot-pond-path/,Sagelot Pond Path,Mashpee,"1,168 ft",-4 ft,3 ft,"
                     Blue rate
                ","(41.556870, -70.503300)",80
https://www.trailforks.com/trails/salamander-139312/,Salamander,Amesbury Town Forest,749 ft,-4 ft,31 ft,"
                     Green rate
                ","(42.852370, -70.963470)",45
https://www.trailforks.com/trails/salamander-loop-access/,Salamander Loop Access,Mount Warner,314 ft,-34 ft,,"
                     Green rate
                ","(42.379190, -72.576760)",35
https://www.trailforks.com/trails/salamander-loop-trail/,Salamander Loop Trail,Mount Warner,2 miles,-332 ft,331 ft,"
                     Blue rate
                ","(42.379190, -72.576760)",40
https://www.trailforks.com/trails/salem-green-to-yellow-loop/,Salem Green to Yellow Loop,Salem Woods,"1,801 ft",-17 ft,14 ft,"
                     Green rate
                ","(42.504270, -70.908270)",45
https://www.trailforks.com/trails/sally-1/,Sally 1,Snake Hill / Sally Milligan Nature Reserve,154 ft,,,"
                     Green rate
                ","(42.562260, -70.863210)",70
https://www.trailforks.com/trails/sally-2/,Sally 2,Snake Hill / Sally Milligan Nature Reserve,210 ft,-5 ft,,"
                     Blue rate
                ","(42.562560, -70.862480)",70
https://www.trailforks.com/trails/sally-3/,Sally 3,Snake Hill / Sally Milligan Nature Reserve,200 ft,,,"
                     Blue rate
                ","(42.560870, -70.859390)",65
https://www.trailforks.com/trails/sally-4/,Sally 4,Snake Hill / Sally Milligan Nature Reserve,262 ft,,,"
                     Blue rate
                ","(42.560690, -70.858890)",65
https://www.trailforks.com/trails/sally-5/,Sally 5,Snake Hill / Sally Milligan Nature Reserve,348 ft,,,"
                     Blue rate
                ","(42.560610, -70.857260)",75
https://www.trailforks.com/trails/salmon-416833/,Salmon,Pickerel Cove Recreation Area,"1,457 ft",-31 ft,11 ft,"
                     Blue rate
                ","(41.667470, -70.500830)",5
https://www.trailforks.com/trails/sample-in-a-jar/,Sample in a Jar,City Mills,"1,404 ft",-10 ft,19 ft,"
                     Green rate
                ","(42.096090, -71.358580)",5
https://www.trailforks.com/trails/samuels-s-segment/,Samuels's Segment,Brimfield State Forest,"1,050 ft",-39 ft,7 ft,"
                     Green rate
                ","(42.094480, -72.236270)",85
https://www.trailforks.com/trails/sanborn/,Sanborn,Hassanamesit Woods,"3,513 ft",-151 ft,100 ft,"
                     Black Diamond rate
                ","(42.173440, -71.650620)",90
https://www.trailforks.com/trails/sanborn-reservation/,Sanborn Reservation,Andover,"1,237 ft",-3 ft,,"
                     Green rate
                ","(42.608430, -71.177910)",5
https://www.trailforks.com/trails/sanborn-trail/,Sanborn Trail,Ward Reservation,"5,049 ft",-119 ft,239 ft,,,50
https://www.trailforks.com/trails/sand-hill-178786/,Sand Hill,Leadmine Mountain Conservation Area,"1,067 ft",-55 ft,41 ft,"
                     Blue rate
                ","(42.092010, -72.094540)",95
https://www.trailforks.com/trails/sand-mogul/,Sand Mogul,Noon Hill & Shattuck Reservation,233 ft,,12 ft,"
                     Green rate
                ","(42.158630, -71.305220)",60
https://www.trailforks.com/trails/sand-pit-239725/,Sand Pit,Collins Woodlot / Kettle Holes,591 ft,-16 ft,19 ft,"
                     Blue rate
                ","(41.607870, -70.608140)",55
https://www.trailforks.com/trails/sand-pit-connector-to-sachem-street/,Sand Pit Connector to Sachem Street,Pratt Farm,"2,464 ft",-4 ft,28 ft,"
                     Green rate
                ","(41.892840, -70.883210)",80
https://www.trailforks.com/trails/sand-pit-dead-end/,Sand Pit Dead End,Discovery Hill Conservation Land,761 ft,-27 ft,,"
                     Black Diamond rate
                ","(41.726420, -70.482040)",5
https://www.trailforks.com/trails/sand-pit-dead-end-419426/,Sand Pit Dead End,Discovery Hill Conservation Land,656 ft,,26 ft,"
                     Black Diamond rate
                ","(41.728820, -70.482330)",5
https://www.trailforks.com/trails/sand-pit-road/,Sand Pit Road,100 Acre Woods,744 ft,,3 ft,"
                     Green rate
                ","(42.656510, -70.993290)",70
https://www.trailforks.com/trails/sand-pit-slide/,Sand Pit Slide,Collins Woodlot / Kettle Holes,"1,234 ft",-150 ft,,"
                     Black Diamond rate
                ","(41.607270, -70.608980)",45
https://www.trailforks.com/trails/sand-pond-connector/,Sand Pond Connector,Dennis,"2,474 ft",-8 ft,3 ft,"
                     Blue rate
                ","(41.690660, -70.112080)",60
https://www.trailforks.com/trails/sand-trap-221043/,Sand Trap,Canal Trails,"1,407 ft",-23 ft,4 ft,"
                     Blue rate
                ","(42.240580, -72.379020)",85
https://www.trailforks.com/trails/sand-trap-336326/,Sand Trap,Chicopee Memorial State Park,"3,642 ft",-30 ft,62 ft,"
                     Blue rate
                ","(42.185020, -72.535060)",10
https://www.trailforks.com/trails/sand-trap-298962/,Sand Trap,Lind Farm,338 ft,,8 ft,"
                     Blue rate
                ","(42.090450, -71.314690)",55
https://www.trailforks.com/trails/sand-trap-345532/,Sand Trap,Dogtown,482 ft,-8 ft,,"
                     Green rate
                ","(42.644470, -70.635470)",5
https://www.trailforks.com/trails/sandlot-ridge/,Sandlot Ridge,Noon Hill & Shattuck Reservation,719 ft,-21 ft,,"
                     Green rate
                ","(42.158370, -71.306150)",70
https://www.trailforks.com/trails/sandpit-scenery/,Sandpit Scenery,Discovery Hill Conservation Land,"2,940 ft",-23 ft,63 ft,"
                     Black Diamond rate
                ","(41.727310, -70.489590)",5
https://www.trailforks.com/trails/sandpit-trail/,Sandpit Trail,Shawme-Crowell State Forest,"1,476 ft",,17 ft,"
                     Blue rate
                ","(41.765540, -70.524950)",40
https://www.trailforks.com/trails/sandwich-crossing/,Sandwich Crossing,Otis - Crane WMA,778 ft,-13 ft,18 ft,"
                     Green rate
                ","(41.617320, -70.553210)",20
https://www.trailforks.com/trails/sandy-289343/,Sandy,Otis - Crane WMA,381 ft,-14 ft,,"
                     Green rate
                ","(41.644550, -70.601740)",100
https://www.trailforks.com/trails/sandy-cliff/,Sandy Cliff,Falmouth,896 ft,-5 ft,12 ft,"
                     Green rate
                ","(41.604050, -70.583750)",25
https://www.trailforks.com/trails/sandy-curves/,Sandy Curves,Lind Farm,463 ft,-3 ft,,"
                     Green rate
                ","(42.090490, -71.315000)",30
https://www.trailforks.com/trails/sandy-cutoff/,Sandy Cutoff,Lind Farm,85 ft,,,"
                     Green rate
                ","(42.090140, -71.315060)",5
https://www.trailforks.com/trails/sandy-green/,Sandy Green,Massasoit State Park,"4,104 ft",-18 ft,45 ft,"
                     Blue rate
                ","(41.877570, -70.990190)",95
https://www.trailforks.com/trails/sandy-singletrack/,Sandy Singletrack,Mashpee,686 ft,,,"
                     Blue rate
                ","(41.552080, -70.506920)",65
https://www.trailforks.com/trails/sanity/,Sanity,Brandywine/Daniels Conservation Areas,"1,234 ft",-33 ft,,"
                     Green rate
                ","(42.129970, -71.385690)",5
https://www.trailforks.com/trails/sanity-281542/,Sanity,Wrentham State Forest & Conservation Lands,650 ft,-50 ft,,"
                     Black Diamond rate
                ","(42.043360, -71.340960)",45
https://www.trailforks.com/trails/santuit-river-trail/,Santuit River Trail,Santuit Pond,"1,693 ft",-13 ft,9 ft,"
                     Blue rate
                ","(41.645550, -70.455260)",5
https://www.trailforks.com/trails/santuit-river-trail-416722/,Santuit River Trail,Barnstable,"2,723 ft",-24 ft,23 ft,"
                     Blue rate
                ","(41.617080, -70.449350)",5
https://www.trailforks.com/trails/sarah-boston/,Sarah Boston,Hassanamesit Woods,"3,111 ft",-39 ft,43 ft,"
                     Green rate
                ","(42.178820, -71.658660)",80
https://www.trailforks.com/trails/sarlacc-pit-328492/,Sarlacc Pit,Orchard Hill / UMass Trails,213 ft,-8 ft,,"
                     Black Diamond rate
                ","(42.400790, -72.518130)",75
https://www.trailforks.com/trails/sarlacc-sideshow/,Sarlacc Sideshow,Orchard Hill / UMass Trails,276 ft,-9 ft,,,"(42.398350, -72.519080)",80
https://www.trailforks.com/trails/sassafras-pond-trail/,Sassafras Pond Trail,Douglas State Forest,"2,274 ft",-44 ft,,"
                     Blue rate
                ","(42.069000, -71.794900)",60
https://www.trailforks.com/trails/satan-s-kingdom-sen-ki/,Satan's Kingdom/Sen Ki,Satan's Kingdom,1 mile,-198 ft,203 ft,"
                     Black Diamond rate
                ","(42.216730, -71.236090)",55
https://www.trailforks.com/trails/saturday-morning-activity/,Saturday Morning Activity,Deerfield Ridge Trail Network,"1,941 ft",-66 ft,69 ft,"
                     Blue rate
                ","(42.549060, -72.593700)",90
https://www.trailforks.com/trails/savage-hill-road-east/,Savage Hill Road - East,Princeton,597 ft,,,"
                     Green rate
                ","(42.445210, -71.946740)",5
https://www.trailforks.com/trails/savage-hill-road-west/,Savage Hill Road - West,Princeton,"1,063 ft",,19 ft,"
                     Green rate
                ","(42.441850, -71.954290)",5
https://www.trailforks.com/trails/save-a-buck/,Save a buck,Pine Hills,"1,772 ft",-30 ft,22 ft,"
                     Black Diamond rate
                ","(41.936540, -70.582910)",85
https://www.trailforks.com/trails/saw-link/,Saw Link,Lind Farm,79 ft,,,"
                     Green rate
                ","(42.088810, -71.310650)",50
https://www.trailforks.com/trails/saw-mill/,Saw Mill,Leadmine Mountain Conservation Area,"1,450 ft",-107 ft,15 ft,"
                     Green rate
                ","(42.088810, -71.310650)",50
https://www.trailforks.com/trails/sawmill-brook-loop/,Sawmill Brook Loop,Cutler Park,"1,562 ft",,3 ft,"
                     Green rate
                ","(42.280720, -71.186670)",5
https://www.trailforks.com/trails/sawmill-gnar-track/,Sawmill Gnar track,Mill Pond,"4,280 ft",-167 ft,63 ft,"
                     Black Diamond rate
                ","(42.527020, -71.184730)",10
https://www.trailforks.com/trails/sawtell/,Sawtell,Groton Hills,"3,249 ft",-112 ft,68 ft,"
                     Blue rate
                ","(42.625500, -71.543060)",70
https://www.trailforks.com/trails/sawtell-drive-connector/,Sawtell Drive Connector,Groton Hills,"1,328 ft",-36 ft,69 ft,"
                     Green rate
                ","(42.628840, -71.542450)",40
https://www.trailforks.com/trails/sawyer-s-run/,Sawyer's Run,Leominster State Forest,"2,500 ft",-54 ft,57 ft,"
                     Green rate
                ","(42.514720, -71.855280)",50
https://www.trailforks.com/trails/sawzall/,Sawzall,Amesbury Town Forest,"1,250 ft",,,"
                     Blue rate
                ","(42.849980, -70.959730)",35
https://www.trailforks.com/trails/say-it-to-me-s-a-n-t-o-s/,Say It To Me S.A.N.T.O.S.,City Mills,"1,348 ft",-20 ft,11 ft,"
                     Green rate
                ","(42.096120, -71.360500)",5
https://www.trailforks.com/trails/sb1-sewall-brook-north/,SB1 Sewall Brook North,Sewall Brook,"1,398 ft",-7 ft,,"
                     Green rate
                ","(42.230130, -71.370520)",55
https://www.trailforks.com/trails/sb2-north-loop/,SB2 North Loop,Sewall Brook,856 ft,-6 ft,6 ft,"
                     Green rate
                ","(42.228190, -71.370480)",80
https://www.trailforks.com/trails/sb3-crosscut/,SB3 Crosscut,Sewall Brook,236 ft,,7 ft,"
                     Green rate
                ","(42.228190, -71.370480)",80
https://www.trailforks.com/trails/sb4-sewal-brook-south/,SB4 Sewal Brook South,Sewall Brook,"2,123 ft",-11 ft,63 ft,"
                     Blue rate
                ","(42.226520, -71.369940)",80
https://www.trailforks.com/trails/sb5-south-loop/,SB5 South Loop,Sewall Brook,"1,079 ft",,18 ft,"
                     Blue rate
                ","(42.225290, -71.372130)",70
https://www.trailforks.com/trails/sb6-cart-path/,SB6 Cart Path,Sewall Brook,233 ft,,,"
                     Blue rate
                ","(42.224060, -71.371590)",45
https://www.trailforks.com/trails/sb7-private/,SB7 Private,Sewall Brook,"1,345 ft",-19 ft,9 ft,"
                     Green rate
                ","(42.230440, -71.366730)",85
https://www.trailforks.com/trails/sachem-st-connector/,Sachem St. Connector,Pratt Farm,896 ft,,,"
                     Green rate
                ","(41.896730, -70.893600)",100
https://www.trailforks.com/trails/saddle-hill-trail/,Saddle Hill Trail,Hopkinton State Park,1 mile,-205 ft,104 ft,"
                     Green rate
                ","(41.962650, -70.726820)",5
https://www.trailforks.com/trails/samuels-s-segment/,Samuels's Segment,Brimfield State Forest,"1,050 ft",-39 ft,7 ft,,,